dataset_category_train,dataset_category_test,precision_macro,recall_macro,f1_macro
stormfront_post,stormfront_post,0.6098245614035087,0.5320476940677294,0.5200364772277306
stormfront_post,ami,0.4577095230745485,0.4969205178924654,0.36721422483742544
stormfront_post,trac_covert,0.5197334809264305,0.5018062570145904,0.41269028103044497
stormfront_post,trac_overt,0.5545384877384196,0.5062968554432961,0.4584349436641457
stormfront_post,trac_aggr,0.5742719686648501,0.5064056224070104,0.3173456943849292
stormfront_post,offenseval,0.37777777777777777,0.4917355371900826,0.4272890484739677
stormfront_post,hateval_hate,0.4554032401637885,0.4928332331988671,0.386311396755261
stormfront_post,hateval_aggression,0.5208041913578677,0.5050374421125234,0.4767137624280482
stormfront_post,zeerak_hate,0.6029921356598673,0.5059894360397332,0.4244572288537345
stormfront_post,zeerak_racism,0.5337014622757434,0.5040935831810281,0.4843241347588201
stormfront_post,zeerak_sexism,0.5692906733841239,0.5054440461967344,0.46259197264686397
stormfront_post,davidson_hate,0.4971586204820184,0.4996434081677635,0.4883812015980302
stormfront_post,davidson_offensive,0.4701285081314888,0.4988089028360438,0.19760100275847195
stormfront_post,davidson_toxicity,0.4672871286135072,0.4983720791440346,0.15557322601767265
stormfront_post,founta_hateful,0.5407820507299427,0.5049216184526849,0.5006079117832342
stormfront_post,founta_abusive,0.5128580562024427,0.5003788707756514,0.4409759745862405
stormfront_post,founta_toxicity,0.5536401069323855,0.501400507446057,0.4281518215411322
stormfront_post,toxicity_toxic,0.5041399225044813,0.5026249105546183,0.5008278585132925
stormfront_post,toxicity_identityhate,0.5021164924043519,0.5127388748328575,0.4946253466186264
stormfront_post,toxicity_severetoxic,0.4992979826180496,0.4962894717176442,0.49051787065631897
stormfront_post,toxicity_insult,0.5013503934357415,0.501585086990201,0.50126116437207
stormfront_post,toxicity_obscene,0.5005915846476359,0.5006519829545363,0.5005449238613662
stormfront_post,toxicity_threat,0.4996030901725126,0.4928426625118404,0.4868423598989035
ami,stormfront_post,0.5345368434001723,0.5030662032322096,0.4588960113068543
ami,ami,0.7612491312149032,0.7524163819456933,0.7546167882301558
ami,trac_covert,0.39444337627379344,0.4957210998877665,0.3942514689589532
ami,trac_overt,0.7048404153047492,0.5104738678655761,0.457544846431692
ami,trac_aggr,0.5992837915785426,0.5037921504963255,0.3040517489790308
ami,offenseval,0.6821656050955414,0.5153482880755608,0.4682400421126514
ami,hateval_hate,0.64106707958748,0.5767030011730038,0.546978345564918
ami,hateval_aggression,0.6269130160257375,0.6039757611587349,0.6121128717813802
ami,zeerak_hate,0.6995656248030879,0.5350799871800415,0.4853250420571978
ami,zeerak_racism,0.4642926107433162,0.4868899365131724,0.4706973426074549
ami,zeerak_sexism,0.7352730140597719,0.555874153723616,0.5538934273406706
ami,davidson_hate,0.4571397846857975,0.3194724330111149,0.29379870318247425
ami,davidson_offensive,0.7492007873862705,0.8334929999781909,0.7582567534560924
ami,davidson_toxicity,0.706340572072068,0.8446246087046851,0.7077437681002274
ami,founta_hateful,0.5224921577838416,0.5183711864014824,0.5199808460653246
ami,founta_abusive,0.7591655671920463,0.5516844963573797,0.5397911098009371
ami,founta_toxicity,0.781657724975888,0.5497719498642386,0.5226655282649181
ami,toxicity_toxic,0.8295281037177906,0.5657208495210719,0.5927776661280034
ami,toxicity_identityhate,0.5452618078768472,0.5856908922432507,0.5585162266224869
ami,toxicity_severetoxic,0.5963017963691801,0.6601071330711342,0.6197209745843766
ami,toxicity_insult,0.7602683102028969,0.5960953753614764,0.6355684413003111
ami,toxicity_obscene,0.7959573077001614,0.6025975113445512,0.6466628692342891
ami,toxicity_threat,0.5134340306214751,0.5761998978998651,0.5202204561192575
trac_covert,stormfront_post,0.5826530612244898,0.5099521912568157,0.4734971267986063
trac_covert,ami,0.5552735476593345,0.503304261823413,0.3734134884284881
trac_covert,trac_covert,0.5659502946595591,0.5091365039281706,0.4313593515636902
trac_covert,trac_overt,0.5040823358978326,0.5007133732601158,0.4563663124276852
trac_covert,trac_aggr,0.5700326305573918,0.5091416438435387,0.3297262951784771
trac_covert,offenseval,0.4619275825346113,0.4961629279811098,0.4390752197981113
trac_covert,hateval_hate,0.4735772357723577,0.4982997576337204,0.3751368247382027
trac_covert,hateval_aggression,0.5233739837398375,0.5022662331264164,0.4586312563840654
trac_covert,zeerak_hate,0.5288841462780614,0.5019850748241811,0.4199337864953465
trac_covert,zeerak_racism,0.5191750803239995,0.5027525013750379,0.4833269808738901
trac_covert,zeerak_sexism,0.5097090659540621,0.5009014879982622,0.4565334753683195
trac_covert,davidson_hate,0.5283546738517052,0.502246607260934,0.49145650454210704
trac_covert,davidson_offensive,0.4122097967683223,0.4977899775366238,0.19427168417425109
trac_covert,davidson_toxicity,0.4405644706200275,0.4981326698376487,0.1528383395675512
trac_covert,founta_hateful,0.5139223973295932,0.5027518601179494,0.4982119784016945
trac_covert,founta_abusive,0.4868048700230338,0.4993632002142481,0.4417540382071223
trac_covert,founta_toxicity,0.5007272673526271,0.5000311002104801,0.4284530701814616
trac_covert,toxicity_toxic,0.4879144322964489,0.4953161829783729,0.4860083223892753
trac_covert,toxicity_identityhate,0.5005001803425484,0.5018401428698624,0.4971006781273829
trac_covert,toxicity_severetoxic,0.4960067494763239,0.4870989515725029,0.490715705380871
trac_covert,toxicity_insult,0.4916525862941939,0.4940109865456037,0.4924095818011129
trac_covert,toxicity_obscene,0.4918779860345461,0.4945286607254036,0.4925564391512456
trac_covert,toxicity_threat,0.4991059105705765,0.4901451238332994,0.4918125461095779
trac_overt,stormfront_post,0.3972556894243641,0.4974853310980721,0.4417566058801637
trac_overt,ami,0.2764804003336113,0.4992469879518072,0.35587761674718194
trac_overt,trac_covert,0.3843410326086957,0.4907115132809577,0.3939790884150291
trac_overt,trac_overt,0.7067886257763976,0.5209477357311523,0.4805306111974679
trac_overt,trac_aggr,0.5911296583850931,0.5068958205103843,0.31566314552526303
trac_overt,offenseval,0.3789308176100629,0.4979338842975207,0.4303571428571429
trac_overt,hateval_hate,0.7867867867867868,0.5011709601873536,0.3668402653920239
trac_overt,hateval_aggression,0.8983983983983984,0.5024509803921569,0.4483320877777023
trac_overt,zeerak_hate,0.6361791544428645,0.5027034284099285,0.4127534611864619
trac_overt,zeerak_racism,0.6917937042169867,0.5079526449610922,0.4862697959856467
trac_overt,zeerak_sexism,0.4443854502258779,0.4985083813040802,0.4447223581824176
trac_overt,davidson_hate,0.4693808882907133,0.4996418338108882,0.4840388619014573
trac_overt,davidson_offensive,0.6185733512786002,0.5004406839414772,0.1925690164748065
trac_overt,davidson_toxicity,0.5879542395693136,0.5004079634464752,0.15040894374089622
trac_overt,founta_hateful,0.5506383603263371,0.502058375131249,0.4936955125263834
trac_overt,founta_abusive,0.5119380492410488,0.5001184827602291,0.4378501958393017
trac_overt,founta_toxicity,0.5625764095673856,0.5005503163781931,0.4240074459299877
trac_overt,toxicity_toxic,0.543568285089354,0.5021013426368358,0.4825136161275641
trac_overt,toxicity_identityhate,0.4980860523512116,0.4991237086595746,0.4983408730247322
trac_overt,toxicity_severetoxic,0.4974568181292597,0.4989774856560837,0.4978822182806468
trac_overt,toxicity_insult,0.5043676384301843,0.5003899811100319,0.4912651292029264
trac_overt,toxicity_obscene,0.5001465524149418,0.5000122861675941,0.4897454246192342
trac_overt,toxicity_threat,0.5010854021425156,0.5014888619376009,0.5012117226715631
trac_aggr,stormfront_post,0.5090830266886606,0.5070361582630492,0.294400909587453
trac_aggr,ami,0.4635783450704225,0.4925597914044237,0.34341973815658033
trac_aggr,trac_covert,0.5703846153846154,0.5356575009352786,0.3950754662026422
trac_aggr,trac_overt,0.5833653846153846,0.5532725767890092,0.3385582997005935
trac_aggr,trac_aggr,0.65375,0.5733920194096418,0.5410381064575643
trac_aggr,offenseval,0.5189655172413793,0.5085596221959858,0.27833133917170233
trac_aggr,hateval_hate,0.4880368623421909,0.4968590474555628,0.3507953330672283
trac_aggr,hateval_aggression,0.5083749747038404,0.5033131342989458,0.23302182271905475
trac_aggr,zeerak_hate,0.5177137431909435,0.5041898004152552,0.2932376476747053
trac_aggr,zeerak_racism,0.5222025088143858,0.5109687730183595,0.16080059303187547
trac_aggr,zeerak_sexism,0.4955112343765578,0.4985655841569821,0.21620053286052687
trac_aggr,davidson_hate,0.5080015480829493,0.5083456657955225,0.11929357925094736
trac_aggr,davidson_offensive,0.5069514298031326,0.5023036115274516,0.4740084475587483
trac_aggr,davidson_toxicity,0.5149529778860819,0.5061842513998733,0.4936935914577627
trac_aggr,founta_hateful,0.5154435442876248,0.5260051795957288,0.11926469187859935
trac_aggr,founta_abusive,0.5914207998287131,0.5375867522999189,0.27941317117475395
trac_aggr,founta_toxicity,0.6068643441163379,0.5389316320237467,0.3118230743734242
trac_aggr,toxicity_toxic,0.5281432685285621,0.5455826250591331,0.2368396476641053
trac_aggr,toxicity_identityhate,0.5029622382574005,0.5455445948277832,0.15025931536258644
trac_aggr,toxicity_severetoxic,0.5040940212750928,0.5552764923070109,0.15209032426546554
trac_aggr,toxicity_insult,0.5173741361113999,0.5520952951486451,0.1936951563079702
trac_aggr,toxicity_obscene,0.5173392249213579,0.5488148014296969,0.19652329585280773
trac_aggr,toxicity_threat,0.5010813196203703,0.5498099639108482,0.14343860848381054
offenseval,stormfront_post,0.5285756376464218,0.5097979254664151,0.4908765070055393
offenseval,ami,0.6239692280285591,0.5743009350836181,0.5442637464713096
offenseval,trac_covert,0.4906573239906573,0.4999590815563038,0.3939821336530264
offenseval,trac_overt,0.7150483817150484,0.5011880337626476,0.4356425884769344
offenseval,trac_aggr,0.7057057057057057,0.5008488964346349,0.2931842769563649
offenseval,offenseval,0.8723776223776223,0.6886068476977568,0.7253787878787878
offenseval,hateval_hate,0.5872598650051921,0.5439610742589027,0.5036515315107744
offenseval,hateval_aggression,0.5877141744548287,0.5665829145728642,0.572096518326793
offenseval,zeerak_hate,0.4830731384236919,0.4971235485988264,0.4284668093451521
offenseval,zeerak_racism,0.4626013183208755,0.486725752875266,0.4698465609263661
offenseval,zeerak_sexism,0.5204718201028165,0.5047000470656384,0.4756398202588414
offenseval,davidson_hate,0.5177887038798973,0.543469567681602,0.5102784364360033
offenseval,davidson_offensive,0.5850986957055075,0.5660711781097431,0.3707235871043389
offenseval,davidson_toxicity,0.6028873995854048,0.5996955287955396,0.3430760170881637
offenseval,founta_hateful,0.5041641646712918,0.5132246489122702,0.4875689939003881
offenseval,founta_abusive,0.8903559418433391,0.8026871304363719,0.8354295831382605
offenseval,founta_toxicity,0.8945201065146309,0.7710705289901298,0.8069691071940011
offenseval,toxicity_toxic,0.8793123468767577,0.6563812596644746,0.7118158854897558
offenseval,toxicity_identityhate,0.548674334940223,0.6904933470015215,0.5727309492608104
offenseval,toxicity_severetoxic,0.5956129774267871,0.8286019628954091,0.6433514098534305
offenseval,toxicity_insult,0.7737381386505401,0.7089264972331951,0.7363475160496082
offenseval,toxicity_obscene,0.8711300825591448,0.7659566996138247,0.8087639860326079
offenseval,toxicity_threat,0.5144248354416682,0.6691359554772591,0.519070459777892
hateval_hate,stormfront_post,0.5314451199474203,0.5083603867293195,0.4834285714285714
hateval_hate,ami,0.7589743589743589,0.7383788886890847,0.7409566638463589
hateval_hate,trac_covert,0.5068103538252792,0.5005085578002245,0.4077857904011855
hateval_hate,trac_overt,0.6142495564137356,0.5107614291797313,0.46319051030937003
hateval_hate,trac_aggr,0.6210599102390146,0.508517880526605,0.3163922922080424
hateval_hate,offenseval,0.8829113924050633,0.5194805194805194,0.4711917562724014
hateval_hate,hateval_hate,0.7134886169232794,0.6657634129095806,0.664024848811182
hateval_hate,hateval_aggression,0.6657586524542703,0.6939230466055769,0.6762422612710812
hateval_hate,zeerak_hate,0.7161227422615251,0.5129500160964083,0.4356574718915521
hateval_hate,zeerak_racism,0.5233600276682906,0.502923588188629,0.4825502717907781
hateval_hate,zeerak_sexism,0.6927627145932345,0.5156047934542558,0.4799052582098746
hateval_hate,davidson_hate,0.464951622065793,0.3475416417393495,0.34076794846259484
hateval_hate,davidson_offensive,0.7038451243056808,0.7817291437445991,0.6781467983524067
hateval_hate,davidson_toxicity,0.6687967463714739,0.7911520563105672,0.6255547105577178
hateval_hate,founta_hateful,0.5359302201681145,0.5207080195414481,0.524797392227915
hateval_hate,founta_abusive,0.7931770406559557,0.5412558510342235,0.5197916281091247
hateval_hate,founta_toxicity,0.8291072608240702,0.5410367593310561,0.5044659210574493
hateval_hate,toxicity_toxic,0.60625741048415,0.5325000311786529,0.5389965382984111
hateval_hate,toxicity_identityhate,0.5197675101985987,0.557394275750181,0.5270775630692834
hateval_hate,toxicity_severetoxic,0.536175196672267,0.592236121759299,0.5499458162611398
hateval_hate,toxicity_insult,0.5936388543986209,0.5530213922396698,0.5659040338486495
hateval_hate,toxicity_obscene,0.6008862262712915,0.553635641107239,0.5677254169647917
hateval_hate,toxicity_threat,0.5078142768253695,0.5679752303892494,0.5091333367070447
hateval_aggression,stormfront_post,0.3974615898463594,0.4987426655490361,0.4423791821561338
hateval_aggression,ami,0.7794612794612794,0.5111940298507462,0.3804291277135786
hateval_aggression,trac_covert,0.417308981233244,0.4980768331462776,0.39464103993021904
hateval_aggression,trac_overt,0.7264577747989276,0.5066434036936882,0.4482806834850192
hateval_aggression,trac_aggr,0.6437667560321716,0.5031504866868529,0.2997656176539395
hateval_aggression,offenseval,0.3793103448275862,0.5,0.4313725490196078
hateval_aggression,hateval_hate,0.6893065086296528,0.5595330055462233,0.4992633519915782
hateval_aggression,hateval_aggression,0.6745685173632772,0.5827175091141985,0.5943665628245067
hateval_aggression,zeerak_hate,0.60711743772242,0.5014518924624146,0.4096349023668425
hateval_aggression,zeerak_racism,0.541083432186635,0.5011630918167144,0.4729934210975955
hateval_aggression,zeerak_sexism,0.5660340055357849,0.5012092248651389,0.4483830514240165
hateval_aggression,davidson_hate,0.5212917128259782,0.5028684782266444,0.4942479716274271
hateval_aggression,davidson_offensive,0.5499174975342748,0.5021366918551804,0.20064919913389456
hateval_aggression,davidson_toxicity,0.571209210360253,0.5038040796594357,0.1593290699806088
hateval_aggression,founta_hateful,0.5207807223241039,0.5010203156566775,0.4919731613193865
hateval_aggression,founta_abusive,0.6804000190401747,0.502162655761187,0.4416756113717936
hateval_aggression,founta_toxicity,0.7011807413642787,0.502137062489747,0.4269581547631014
hateval_aggression,toxicity_toxic,0.7717115953306268,0.5097549081891911,0.4959465449104377
hateval_aggression,toxicity_identityhate,0.5231861817535509,0.5079019869563881,0.5110352939981295
hateval_aggression,toxicity_severetoxic,0.5606038799696261,0.5181376503931603,0.5268878735734449
hateval_aggression,toxicity_insult,0.6663036104048674,0.5110531783412448,0.5102174079495017
hateval_aggression,toxicity_obscene,0.6681175912138217,0.5104912013411067,0.5083765496691189
hateval_aggression,toxicity_threat,0.5123473809012898,0.5126074485884509,0.5124758912371621
zeerak_hate,stormfront_post,0.7174430673423287,0.5097242055311794,0.4653384548281345
zeerak_hate,ami,0.2751677852348993,0.4939759036144578,0.3534482758620689
zeerak_hate,trac_covert,0.4947348292821758,0.4991348671904227,0.4208832775145349
zeerak_hate,trac_overt,0.6701886389711571,0.5352732661988265,0.5124247620969097
zeerak_hate,trac_aggr,0.6649234682533329,0.5255336756458291,0.3531534542843525
zeerak_hate,offenseval,0.3793103448275862,0.5,0.4313725490196078
zeerak_hate,hateval_hate,0.4979861001421576,0.4997915568252879,0.3849806861104096
zeerak_hate,hateval_aggression,0.4742536724056231,0.4959848260912406,0.4546794399410464
zeerak_hate,zeerak_hate,0.7894395308707658,0.7196510348686437,0.7378422980196793
zeerak_hate,zeerak_racism,0.6660452179562935,0.7631932747396757,0.6930869321248065
zeerak_hate,zeerak_sexism,0.6233943129144724,0.6265131602766012,0.6248886614136164
zeerak_hate,davidson_hate,0.6123644126471267,0.5018396360086904,0.4884350565222304
zeerak_hate,davidson_offensive,0.2611258558350642,0.4987574313518463,0.1915381844932489
zeerak_hate,davidson_toxicity,0.3734902684821909,0.4991787043455505,0.14993648443320462
zeerak_hate,founta_hateful,0.6722820774431731,0.5123845083492505,0.5133854328719265
zeerak_hate,founta_abusive,0.4455731021545741,0.4990447233601368,0.4370545826183141
zeerak_hate,founta_toxicity,0.6178551795977472,0.5018329231225883,0.42722501858549744
zeerak_hate,toxicity_toxic,0.5166315395754973,0.5014025206005815,0.4831943999548122
zeerak_hate,toxicity_identityhate,0.5190577080895661,0.5152559594114694,0.5168939469147947
zeerak_hate,toxicity_severetoxic,0.508118971951233,0.5057074671397691,0.5065658169691217
zeerak_hate,toxicity_insult,0.5054232291578233,0.5008466525817852,0.4937305387212553
zeerak_hate,toxicity_obscene,0.500826624735624,0.5001211664102472,0.4916928272823662
zeerak_hate,toxicity_threat,0.505868746485753,0.5140753593423099,0.5078426507357853
zeerak_racism,stormfront_post,0.7174430673423287,0.5097242055311794,0.4653384548281345
zeerak_racism,ami,0.27591973244147155,0.4969879518072289,0.3548387096774194
zeerak_racism,trac_covert,0.4962695489980392,0.4993920688365133,0.4210393862876112
zeerak_racism,trac_overt,0.6726589028647951,0.5354917021970791,0.5126308095400942
zeerak_racism,trac_aggr,0.6689284518628342,0.5259391906498843,0.3533541159532945
zeerak_racism,offenseval,0.3793103448275862,0.5,0.4313725490196078
zeerak_racism,hateval_hate,0.481732010146411,0.4983222367996207,0.38064516129032255
zeerak_racism,hateval_aggression,0.4846023763962439,0.4978692482017933,0.4558614161020298
zeerak_racism,zeerak_hate,0.7405499228565131,0.6045064226634571,0.6015314677298618
zeerak_racism,zeerak_racism,0.8522465778886041,0.8196373705841131,0.8348265482667538
zeerak_racism,zeerak_sexism,0.38830334496790897,0.4344393758372253,0.4099811363642985
zeerak_racism,davidson_hate,0.6123644126471267,0.5018396360086904,0.4884350565222304
zeerak_racism,davidson_offensive,0.2611258558350642,0.4987574313518463,0.1915381844932489
zeerak_racism,davidson_toxicity,0.3734902684821909,0.4991787043455505,0.14993648443320462
zeerak_racism,founta_hateful,0.6904663747996588,0.5117638744970228,0.5121617697222739
zeerak_racism,founta_abusive,0.4278221652628471,0.4989115391268705,0.4364806563020908
zeerak_racism,founta_toxicity,0.618288540062506,0.5015806351813312,0.4264587129091769
zeerak_racism,toxicity_toxic,0.51360559631113,0.5010373568404397,0.4821177258014504
zeerak_racism,toxicity_identityhate,0.5215588699355452,0.515603737844991,0.5179993807212006
zeerak_racism,toxicity_severetoxic,0.5078990447484845,0.5050205436987791,0.5059248203174408
zeerak_racism,toxicity_insult,0.5069338115816685,0.5009787079495372,0.4936131281281421
zeerak_racism,toxicity_obscene,0.498768827609125,0.4998368351856651,0.4908299460180226
zeerak_racism,toxicity_threat,0.5066504197770874,0.5144210538740509,0.5087725584736985
zeerak_sexism,stormfront_post,0.39766666666666667,0.5,0.4430003713330858
zeerak_sexism,ami,0.27591973244147155,0.4969879518072289,0.3548387096774194
zeerak_sexism,trac_covert,0.3239413137712571,0.4997427983539095,0.393081124822982
zeerak_sexism,trac_overt,0.38146048682894296,0.4997815640017475,0.43267776096823
zeerak_sexism,trac_aggr,0.20540180060020008,0.4995944849959448,0.2911153119092628
zeerak_sexism,offenseval,0.3793103448275862,0.5,0.4313725490196078
zeerak_sexism,hateval_hate,0.620193915078569,0.5014693200256671,0.3689823729817805
zeerak_sexism,hateval_aggression,0.3976930792377131,0.4981155778894472,0.4422755158951477
zeerak_sexism,zeerak_hate,0.7737255693400453,0.6155792688264557,0.6155002959675191
zeerak_sexism,zeerak_racism,0.4363800102050919,0.44389117460706,0.4400919659211692
zeerak_sexism,zeerak_sexism,0.8373455591349535,0.6924441548097462,0.7308138283343011
zeerak_sexism,davidson_hate,0.4694014794889038,0.5,0.4842178286507111
zeerak_sexism,davidson_offensive,0.11849361129791525,0.5,0.19158421224312275
zeerak_sexism,davidson_toxicity,0.0878950907868191,0.5,0.1495081217112789
zeerak_sexism,founta_hateful,0.5776617348418915,0.5006585816360771,0.4901109064795695
zeerak_sexism,founta_abusive,0.5869487960545402,0.5001800292231946,0.4368561970957808
zeerak_sexism,founta_toxicity,0.6646105308964316,0.5003020070284147,0.42247138485837454
zeerak_sexism,toxicity_toxic,0.584122424983667,0.5004802809494405,0.476975720716778
zeerak_sexism,toxicity_identityhate,0.495527597232962,0.4997576089705759,0.4976336142214014
zeerak_sexism,toxicity_severetoxic,0.5166502048564007,0.5007924442919102,0.4992845541894026
zeerak_sexism,toxicity_insult,0.4978828324975216,0.4999776226176828,0.4880989492077207
zeerak_sexism,toxicity_obscene,0.5397414147949119,0.5003943882341131,0.4880421465327126
zeerak_sexism,toxicity_threat,0.4985161654371042,0.4997590613869684,0.4991368396823571
davidson_hate,stormfront_post,0.39766666666666667,0.5,0.4430003713330858
davidson_hate,ami,0.2766666666666667,0.5,0.3562231759656653
davidson_hate,trac_covert,0.324,0.5,0.3932038834951456
davidson_hate,trac_overt,0.3815,0.5,0.4327850255246739
davidson_hate,trac_aggr,0.2055,0.5,0.29128277817150955
davidson_hate,offenseval,0.3793103448275862,0.5,0.4313725490196078
davidson_hate,hateval_hate,0.2865,0.5,0.3642720915448188
davidson_hate,hateval_aggression,0.398,0.5,0.4432071269487751
davidson_hate,zeerak_hate,0.3401340429725999,0.5,0.4048568747067105
davidson_hate,zeerak_racism,0.4409619554504238,0.5,0.4686288886561224
davidson_hate,zeerak_sexism,0.3991720875221762,0.5,0.44393291680368296
davidson_hate,davidson_hate,0.4694014794889038,0.5,0.4842178286507111
davidson_hate,davidson_offensive,0.11849361129791525,0.5,0.19158421224312275
davidson_hate,davidson_toxicity,0.0878950907868191,0.5,0.1495081217112789
davidson_hate,founta_hateful,0.4776335822518669,0.5,0.4885609403389076
davidson_hate,founta_abusive,0.3869172768795766,0.5,0.4362495657327367
davidson_hate,founta_toxicity,0.36455085913144347,0.5,0.4216650244239921
davidson_hate,toxicity_toxic,0.4536472259358289,0.5,0.4756971064333122
davidson_hate,toxicity_identityhate,0.4955297459893048,0.5,0.4977548365437072
davidson_hate,toxicity_severetoxic,0.4949030748663101,0.5,0.4974384815654657
davidson_hate,toxicity_insult,0.4761447192513369,0.5,0.487780868820886
davidson_hate,toxicity_obscene,0.4745049298128342,0.5,0.4869189629486726
davidson_hate,toxicity_threat,0.4985168783422461,0.5,0.4992573377126002
davidson_offensive,stormfront_post,0.4712227502451535,0.4968750938563991,0.4508357628329238
davidson_offensive,ami,0.6887221825302321,0.6803520050350657,0.6815393694450902
davidson_offensive,trac_covert,0.4713064337556895,0.4981820520014965,0.4022263450834879
davidson_offensive,trac_overt,0.5757934555295854,0.5060572210148334,0.4537844304572629
davidson_offensive,trac_aggr,0.5470998892852751,0.5028117542895777,0.3075656721826339
davidson_offensive,offenseval,0.8737179487179487,0.71900826446281,0.7576628352490422
davidson_offensive,hateval_hate,0.5933230334453126,0.5693727495289593,0.5565280422851637
davidson_offensive,hateval_aggression,0.5996376711989839,0.6115996649916248,0.6042049957158453
davidson_offensive,zeerak_hate,0.5300475330551924,0.5077584331066497,0.4560094910563223
davidson_offensive,zeerak_racism,0.4652915291529153,0.4812813861278259,0.4706808083579833
davidson_offensive,zeerak_sexism,0.564756003902277,0.5225896962456102,0.5098475287550918
davidson_offensive,davidson_hate,0.4617463999913723,0.36374334834220223,0.24318031366416865
davidson_offensive,davidson_offensive,0.8323269539248046,0.8760963326092311,0.8500990674616764
davidson_offensive,davidson_toxicity,0.7940733539161768,0.9153493640389868,0.8296614843232248
davidson_offensive,founta_hateful,0.5107661470335375,0.5400410930831461,0.4884403850021952
davidson_offensive,founta_abusive,0.8758226392681456,0.8412757753594797,0.8567150446505044
davidson_offensive,founta_toxicity,0.8865887863016833,0.8110654495662999,0.8385255665613589
davidson_offensive,toxicity_toxic,0.7967376809623519,0.6786359232490925,0.718915143910637
davidson_offensive,toxicity_identityhate,0.5373563861492242,0.7134779458635739,0.5543372543160835
davidson_offensive,toxicity_severetoxic,0.5688725843539161,0.8456273197288702,0.6055087932045289
davidson_offensive,toxicity_insult,0.7111830691977353,0.7353562218035379,0.7224894489604136
davidson_offensive,toxicity_obscene,0.7793764954944427,0.7923364810960607,0.7856846681882228
davidson_offensive,toxicity_threat,0.5114281298622972,0.6956629574218831,0.5094587028279073
davidson_toxicity,stormfront_post,0.5240909090909092,0.5289419004999304,0.5234867079007446
davidson_toxicity,ami,0.6600912506709609,0.6608973206257867,0.6603748206599712
davidson_toxicity,trac_covert,0.517194231129425,0.5044718013468014,0.4428954311347849
davidson_toxicity,trac_overt,0.5504869825810077,0.5165624256902854,0.4939270153513159
davidson_toxicity,trac_aggr,0.5676812137104327,0.5165854948178075,0.3611092609329625
davidson_toxicity,offenseval,0.7399509803921569,0.7101534828807556,0.7223197340068781
davidson_toxicity,hateval_hate,0.6009015535699911,0.587094506500566,0.5836479344191565
davidson_toxicity,hateval_aggression,0.5880435245820135,0.6145063553059414,0.5917833518946405
davidson_toxicity,zeerak_hate,0.5272565969905862,0.5126130812884702,0.4848509167642451
davidson_toxicity,zeerak_racism,0.4627772681787859,0.4640225140544926,0.4633872264530864
davidson_toxicity,zeerak_sexism,0.5644793288118004,0.5403120813873502,0.5415735659638098
davidson_toxicity,davidson_hate,0.4794624678518954,0.4338659907427816,0.235209135515884
davidson_toxicity,davidson_offensive,0.8384970263675571,0.8463216046377758,0.8422896433792815
davidson_toxicity,davidson_toxicity,0.8179594942194526,0.9059951711111688,0.850440239831743
davidson_toxicity,founta_hateful,0.5237262461142704,0.6035257058410803,0.4941034027786539
davidson_toxicity,founta_abusive,0.8073054680106277,0.8273907183684086,0.8164959971722854
davidson_toxicity,founta_toxicity,0.8310317141248982,0.8124968742608545,0.8209327163032258
davidson_toxicity,toxicity_toxic,0.6314238077929184,0.6940019098974076,0.652370057629026
davidson_toxicity,toxicity_identityhate,0.516473149164551,0.7308344633752177,0.4960983355635436
davidson_toxicity,toxicity_severetoxic,0.5274327424042161,0.8375722731336301,0.5157023332822089
davidson_toxicity,toxicity_insult,0.5896070359255658,0.7448750608319055,0.6139772371089776
davidson_toxicity,toxicity_obscene,0.6150277680300098,0.7951424659358226,0.6488299857138164
davidson_toxicity,toxicity_threat,0.5049944723443112,0.7096809223242241,0.4721529392002948
founta_hateful,stormfront_post,0.39766666666666667,0.5,0.4430003713330858
founta_hateful,ami,0.2766666666666667,0.5,0.3562231759656653
founta_hateful,trac_covert,0.324,0.5,0.3932038834951456
founta_hateful,trac_overt,0.3815,0.5,0.4327850255246739
founta_hateful,trac_aggr,0.2055,0.5,0.29128277817150955
founta_hateful,offenseval,0.3793103448275862,0.5,0.4313725490196078
founta_hateful,hateval_hate,0.2865,0.5,0.3642720915448188
founta_hateful,hateval_aggression,0.39799999999999996,0.5,0.4432071269487751
founta_hateful,zeerak_hate,0.3401340429725999,0.5,0.4048568747067105
founta_hateful,zeerak_racism,0.4409619554504238,0.5,0.4686288886561224
founta_hateful,zeerak_sexism,0.3991720875221762,0.5,0.44393291680368296
founta_hateful,davidson_hate,0.4694014794889038,0.5,0.4842178286507111
founta_hateful,davidson_offensive,0.11849361129791525,0.5,0.19158421224312275
founta_hateful,davidson_toxicity,0.0878950907868191,0.5,0.1495081217112789
founta_hateful,founta_hateful,0.4776335822518669,0.5,0.4885609403389076
founta_hateful,founta_abusive,0.3869172768795766,0.5,0.4362495657327367
founta_hateful,founta_toxicity,0.36455085913144347,0.5,0.4216650244239921
founta_hateful,toxicity_toxic,0.4536472259358289,0.5,0.4756971064333122
founta_hateful,toxicity_identityhate,0.4955297459893048,0.5,0.4977548365437072
founta_hateful,toxicity_severetoxic,0.4949030748663101,0.5,0.4974384815654657
founta_hateful,toxicity_insult,0.4761447192513369,0.5,0.487780868820886
founta_hateful,toxicity_obscene,0.4745049298128342,0.5,0.4869189629486726
founta_hateful,toxicity_threat,0.4985168783422461,0.5,0.4992573377126002
founta_abusive,stormfront_post,0.4808467741935484,0.4990662141536815,0.4475228561840609
founta_abusive,ami,0.6849505038370225,0.6639430857759396,0.6631424644983968
founta_abusive,trac_covert,0.35905654961247724,0.4971298634493079,0.3926181494189683
founta_abusive,trac_overt,0.8474069467036647,0.5089236174475984,0.4516751103121425
founta_abusive,trac_aggr,0.7064634963161421,0.5039615166949633,0.300110100573074
founta_abusive,offenseval,0.8805948174322733,0.7080873671782763,0.7472734934681837
founta_abusive,hateval_hate,0.6086156616366234,0.5680444351803033,0.5448915246603108
founta_abusive,hateval_aggression,0.6188812557493198,0.6122154892107596,0.6152329740591022
founta_abusive,zeerak_hate,0.5285725139825461,0.5062480326115735,0.4487049551001256
founta_abusive,zeerak_racism,0.4855121541535883,0.4933828396754239,0.4835438793510072
founta_abusive,zeerak_sexism,0.5430603598289578,0.512721480033308,0.4925079772019651
founta_abusive,davidson_hate,0.4873423671226189,0.4467072325954847,0.3985691511361738
founta_abusive,davidson_offensive,0.6596743719663262,0.7135989562043197,0.5950123774301181
founta_abusive,davidson_toxicity,0.6470167390889451,0.7454454798524115,0.559718523207255
founta_abusive,founta_hateful,0.5090320997721327,0.5354016843649718,0.4820264221582292
founta_abusive,founta_abusive,0.9073968535273048,0.8898789390759321,0.8982095532430554
founta_abusive,founta_toxicity,0.9164289532994376,0.8531287054583461,0.8781086173977353
founta_abusive,toxicity_toxic,0.8984662756385797,0.6811975841970442,0.7406538263998471
founta_abusive,toxicity_identityhate,0.5461352602305475,0.699152547380995,0.5691498347748956
founta_abusive,toxicity_severetoxic,0.5910852406966359,0.8452823876358624,0.6383437009264915
founta_abusive,toxicity_insult,0.7910967288840811,0.7450578638769811,0.7658168713313314
founta_abusive,toxicity_obscene,0.8724021166785723,0.7943540546711103,0.828215342654183
founta_abusive,toxicity_threat,0.5142933929061071,0.6848559827433067,0.5179911059453237
founta_toxicity,stormfront_post,0.5435056519547843,0.5065992993875784,0.4710554327356096
founta_toxicity,ami,0.6795636066279858,0.6616503326739795,0.6612273868916008
founta_toxicity,trac_covert,0.4409781444607512,0.4971006359895249,0.3979708141034025
founta_toxicity,trac_overt,0.6776307960810757,0.5110065936334662,0.4597666651766614
founta_toxicity,trac_aggr,0.6186089405418269,0.5054899433655955,0.3077593499099955
founta_toxicity,offenseval,0.8679317615487828,0.706021251475797,0.7436721574929692
founta_toxicity,hateval_hate,0.6082164652890583,0.5683427950186168,0.5457078761140695
founta_toxicity,hateval_aggression,0.6166070192015222,0.6109592078037245,0.6135494301825781
founta_toxicity,zeerak_hate,0.5565686555918338,0.515773229654122,0.4698056627770869
founta_toxicity,zeerak_racism,0.5002485942889947,0.500144780117063,0.4959204162021831
founta_toxicity,zeerak_sexism,0.5563200613028392,0.5212164657325947,0.5093186519049433
founta_toxicity,davidson_hate,0.4898811381606325,0.4571247520387922,0.3988009717161201
founta_toxicity,davidson_offensive,0.6569719398371083,0.7113222058887378,0.5968720686799449
founta_toxicity,davidson_toxicity,0.6468530779977409,0.7467348565966347,0.5647102891671911
founta_toxicity,founta_hateful,0.5220802730594989,0.5891923297011707,0.4990613077458458
founta_toxicity,founta_abusive,0.894510844158518,0.8890979289521357,0.8917614201500579
founta_toxicity,founta_toxicity,0.9165911172180172,0.8640742630312959,0.8856838020610829
founta_toxicity,toxicity_toxic,0.8644486839948715,0.6885752316407902,0.7420956217640177
founta_toxicity,toxicity_identityhate,0.5449932933514822,0.7209978788568836,0.5674850094643358
founta_toxicity,toxicity_severetoxic,0.5803346034238313,0.8465105811465723,0.6231445530272062
founta_toxicity,toxicity_insult,0.7601084768301518,0.7491570929886455,0.7544961571413705
founta_toxicity,toxicity_obscene,0.8289462685777342,0.7958491167002959,0.8113928626762381
founta_toxicity,toxicity_threat,0.5130851709119816,0.69255952644423,0.5144455958453802
